{
  "holdout_rows": 246429,
  "holdout_sequences": 245530,
  "mae": 666.98046875,
  "rmse": 992.5881572938497,
  "sla_viol_pct": 0.5184702480348633
}