Method,MAE,RMSE,MAPE% (filtered),OverProv%,UnderProv%,SLA_Viol%
HPA-Reactive,1.2627038955688477,32.8988057670554,0.221028670668602,0.10975121706724167,0.07582372426986694,0.25330754616872336
Static LSTM,460.9705810546875,575.839468732389,86.16709899902344,56.76820373535156,10.978941917419434,8.04422612833108
Static Hybrid,776.6185913085938,1059.432926144926,106.2938003540039,0.0,114.13677978515625,100.0
Periodic Retrain,398.5948181152344,416.3914737059346,85.36588287353516,58.48566818237305,0.09435399621725082,0.006846149896451983
Proposed (EWC+ER),436.4812927246094,453.04083701141116,94.22933197021484,62.990116119384766,1.157935380935669,0.2635767710134013
