{
  "0": {},
  "1": {
    "0": 784.974853515625
  },
  "2": {
    "0": 740.0938110351562,
    "1": 1291.0322265625
  },
  "3": {
    "0": 735.2242431640625,
    "1": 1104.7779541015625,
    "2": 372.4953308105469
  }
}