{
  "0": {},
  "1": {
    "0": 644.1117553710938
  },
  "2": {
    "0": 683.2997436523438,
    "1": 974.25927734375
  },
  "3": {
    "0": 909.0853881835938,
    "1": 1217.71044921875,
    "2": 389.1530456542969
  }
}