chunk,mae,rmse,mape
1,2312.2939453125,4239.548324998785,57.0333251953125
2,2157.822021484375,3001.558761710322,62.17473220825195
3,320.6497802734375,347.777834076584,55.97470474243164
4,457.5501403808594,474.0009394769171,151.1478271484375
