{
  "holdout_rows": 246429,
  "holdout_sequences": 245530,
  "mae": 597.76123046875,
  "rmse": 787.5357531566424,
  "sla_viol_pct": 12.350425609905104
}