{
  "naive_ft_bwt": 621.2445882161459,
  "diagonal_maes": [
    3423.95556640625,
    1361.4635009765625,
    329.48236083984375,
    421.57342529296875
  ],
  "final_maes": [
    4812.7197265625,
    1843.22900390625,
    322.68646240234375
  ],
  "bwt_per_chunk": [
    1388.76416015625,
    481.7655029296875,
    -6.7958984375
  ]
}