{
  "0": {},
  "1": {
    "0": 673.2872314453125
  },
  "2": {
    "0": 683.9718627929688,
    "1": 953.77587890625
  },
  "3": {
    "0": 658.076171875,
    "1": 995.3246459960938,
    "2": 333.4261169433594
  }
}