{
  "0": {},
  "1": {
    "0": 619.7244873046875
  },
  "2": {
    "0": 712.2201538085938,
    "1": 1090.8280029296875
  },
  "3": {
    "0": 3154.900634765625,
    "1": 1052.7989501953125,
    "2": 362.6177978515625
  }
}